{"turn_value": -1.565862523736934, "defended": -1.0042080437847187, "attacked": -0.12036368330327338, "available_moves": -0.7407123102391993, "piece_value": 3.424900329939768, "mov_value": 0.7813688727209116, "kingside_castle": 0.5504768914300207, "queenside_castle": -4.04129219111456, "pawn": {"black": [[0.37684572429206453, 1.6194756213158512, -2.8339192495284613, 1.0103800264934126, -0.21341809525639144, -2.593007513722671, -3.4826685369435335, 2.146638994122315], [2.7517770775486143, 3.8527343046257627, 23.135599461939847, 1.6089822529492077, -8.055858976398115, 4.0831628869471555, 3.8042013286368617, 1.37692755227018], [-0.749582996742992, 13.488197560736573, 4.616100022646245, -5.33583674545744, 2.9237771611210115, -2.4586404654489877, -3.1914326681417284, 10.496644872226645], [15.035374128594096, -1.786588748729017, -8.727132951446658, 5.163416483630328, 3.887916848777481, -0.8820386548131167, 1.4469563480344199, -4.284924361862988], [-12.27785917105492, -6.070036280879849, 8.437592999472198, 5.986938262782373, -0.5917783793462384, 2.394110342466974, 14.358741044430264, 3.834779723723841], [-6.252992087971313, 10.999640472047728, -3.1541282501218477, 17.844540837880267, 19.641365306141733, -0.058180750076600216, 9.979264254893433, 3.1166971554565643], [-1.7590626609706779, -4.209679434313371, -6.039627055281052, 11.10874040932614, 1.3515619603196096, 22.264393874595722, 9.087576245022927, 9.49903018581191], [-0.348023532583511, 0.9269566995189613, 22.385520699613075, 1.7433056192885918, 0.23120679778012873, 14.990518688032633, -10.49534274430957, -12.141263382572868]], "white": [[-7.027365458481556, 12.600367573802536, -4.990650445621046, -5.562808110485982, 3.1776949318393206, 9.834107969515152, 0.5966970358935471, -1.5685162429568322], [0.8768307157836459, -3.7303068020725556, -6.567747777670613, -0.5949276752626991, -5.904457440629409, -15.617283216845887, 3.1457971696622034, 7.1384973078285565], [9.20114371356705, 6.406333068230418, 15.033712135834804, 11.58986257658512, 12.097478597683569, 0.5537961319228836, -0.3468876620656916, -12.666822320244016], [-3.6332079049565147, -4.674635822176333, 1.7376397907024765, 1.0135247409872101, -6.917964981268261, 4.107641409823108, -7.598117544342374, 1.9757155611483026], [-6.33162047857653, -5.109874893116421, -3.932360363242819, -9.809101684838925, 0.8814598853479856, -1.317191035230676, -3.8788840775190008, -3.0053472397774703], [3.234548904835431, 6.968405352182403, 6.863533310429604, -8.44179547333263, -7.178473624581047, -11.043875647492197, -12.607511680112019, 13.341864387386245], [-5.489357836133003, 0.9720010288834211, 17.40616566775705, 14.322905608629119, 6.315869087332611, 9.310797895774826, -8.429411965518195, 8.54972365805472], [2.6637342642478905, -3.238410602702102, 9.811313176646353, -10.360236206281796, 3.0070292141041057, 9.127938538529179, 6.407604967908071, -4.094334502536772]]}, "knight": {"black": [[8.051617348002948, 4.2795463945970065, 8.637429878084333, 4.502451417411662, -0.17934103023363474, 9.953245128907435, 1.2182574774180157, 10.123326479201387], [4.733999849702622, 16.22838995659471, -0.9175389421100744, 5.727828445947317, 3.634383828978847, -10.987698588591856, 12.227762110439176, -5.642782000928851], [5.991423068262845, 5.470625975313375, -4.148312878751458, 6.884566928275968, 13.184135656814915, 7.255741130151657, 1.4325669325721446, -6.868554755092939], [17.07427059370793, -2.3300846423881953, -1.9746287307430064, 2.419593900364101, 13.548354773037236, -9.102560958406137, 9.447570975136317, -12.898529267361287], [3.5833150154146933, 6.7720150598465665, 0.06669033404813303, -1.0334193026692595, -2.571300444351744, 11.556976165090546, 25.189530267821063, -13.248419422484503], [2.6839969267110124, 9.52375298146344, -4.78849535945339, 5.751968309599491, 16.424336241192496, 5.181965586485487, -5.3883835082060125, 8.10077227678379], [-3.1191873380250774, 4.063482681979017, 4.859313687665834, 7.485567154573872, 4.728741451743696, -5.97993351894412, -5.543503353434564, -5.151838827826251], [0.9925696245916683, 13.509636380636788, -8.189571844184988, -5.152141762865764, 4.837166386479964, 13.70653331605583, 14.72665430807929, -5.900989513785474]], "white": [[-4.078416709313847, -6.369913451022092, 6.738544525686753, -13.979319194163107, -3.3813766654271165, -4.281766843831624, 14.626383340346683, -3.689834982243525], [-5.8277584992017415, 9.134989573840496, 0.2127461549164651, -12.348440321871685, 5.727372738878904, 8.911236968381754, -15.774178756397202, 2.6281590431543185], [17.549203287699367, -7.018946809563983, 6.221174724827291, 15.31436843762058, 11.395873956712085, 3.9742219612239342, 0.46674483618766427, -1.1606928688080018], [2.167273529997439, 1.5261499333181474, 9.598369790913903, 23.129280943070224, 8.77357290453961, 2.846972325199935, 9.92921819096774, 1.6745800324432665], [7.006305550096158, -2.724158531677659, 2.6770265875088817, 11.37775684192555, 8.734998522933116, 2.3123789515927125, 1.4515701328676003, 1.8245773366164046], [-7.184906686609824, 14.293218443257611, 4.997179376171736, 6.434816064401831, -2.7463928568805795, 7.90053956769173, 15.50049947611209, -5.254651900874866], [9.103298818675508, 6.708228570523113, 13.062637943295076, 2.11781421505051, 16.435985555184416, 3.2199131962886915, -2.6053903345714953, 1.6904238134458325], [-2.5987747661564202, -4.445377278410468, 22.578364743510157, -10.403150005769346, -9.048804685112863, 1.909672083310114, 22.243354993358405, -3.6530125514351184]]}, "queen": {"black": [[26.815710099211834, 19.14014251671783, 13.627646601775847, 2.5109557516547385, 1.3202363369852987, 8.048374330605865, 13.777481645729393, 10.408218260090226], [8.281001650675208, 12.523074284346796, 14.939798200564884, -2.435700561440808, 5.022844153113847, 13.730739250533343, 3.517861188592797, 10.663902681510903], [6.227275405841242, 4.226098793412617, 16.09541874054599, -5.059513481849853, -1.183513410661764, 21.509138435439244, 34.69686614533107, -6.707457587955528], [26.105351977846922, 1.2569518495711007, 1.4210604833588782, 17.760400330299944, 13.763349229969686, 4.318136990283177, 5.054086309563952, -1.4262399076824868], [24.42512240371279, 2.1966191306397422, 9.621317595239178, 3.237056799704069, 19.132470083749926, 5.049270077892357, 15.161832878801821, -6.220810268315487], [7.032382931639306, 12.737312231520004, 32.31618766071019, -5.124469617547601, 3.6475451080208074, -2.975666218483441, 3.270141049216126, 4.562125332352573], [30.942702219964342, 0.2852882373220307, 4.188955215687721, 13.713899728033518, 19.088107897579107, 11.152795340706113, 10.645304676402745, 20.079991770137262], [17.564164833579515, 8.998710884797323, 14.197732120285966, 5.38831610409733, 7.033648840215768, 3.9549593411300954, 3.3011153336380907, 8.855171501926709]],