{"turn_value": -1.5465342046315653, "defended": -1.000144659066852, "attacked": -0.06280712178196722, "available_moves": -0.7259793511716868, "piece_value": 3.3744661072634274, "mov_value": 0.7956239258300835, "kingside_castle": 0.5493280565599743, "queenside_castle": -4.061887841724497, "pawn": {"black": [[0.17087693389801276, 1.5651239201251643, -2.8217219088605505, 1.170014063008695, -0.31737886128899506, -2.4750394050335514, -3.5978755533215603, 2.186839248336098], [2.56098927582668, 3.859980577652405, 23.284123728710842, 1.6148179025246692, -8.12890316789241, 4.210258318654982, 3.9022125937619343, 1.2647677976541318], [-0.457632425817699, 13.46427308471528, 4.643317529481786, -5.31981791793835, 2.730852786683546, -2.643473157302279, -3.3210219913076626, 10.510648378936796], [15.232320789107835, -1.8604243137876577, -8.621107282253238, 5.0579916481154115, 3.6696058194666925, -0.9120555041767731, 1.5031086183284428, -4.276251007999417], [-12.211306024504314, -6.0331587672353475, 8.454132081957603, 5.8977999469173366, -0.6533513017553773, 2.2759438501813434, 14.463204617309714, 3.89837440497434], [-6.241930681319129, 10.818316083796132, -3.0375782859800102, 17.875100937619038, 19.51017352867019, -0.29966571197523756, 9.862366672788905, 3.027803237174333], [-1.629687566284916, -4.167633677673542, -5.9797590226553865, 10.92345953309817, 1.2708593907950458, 22.208825769793684, 9.108980976009448, 9.539068522729586], [-0.3313439881697586, 1.046518848382196, 22.31001729010517, 1.8111263180182902, 0.28533426061972916, 15.050843669198304, -10.495972844238493, -12.283946122607414]], "white": [[-6.844974342809772, 12.642154173960257, -5.050946346878708, -5.542626055199061, 3.12384682897044, 10.125916150979409, 0.6133332833060527, -1.57056306436432], [0.9377972122440206, -3.744623596867802, -6.4862817558462424, -0.5121738471583915, -6.0410479864424715, -15.537102468539203, 3.173212325886288, 7.207071706701425], [9.402221434258749, 6.330679625656282, 15.085930390410773, 11.643233975659681, 12.089485879699996, 0.6269666074961961, -0.40033448025763063, -12.641250294413954], [-3.677337187999024, -4.399653113337703, 1.7602534426376768, 0.8238347976193385, -6.812853773670534, 4.148716404530153, -7.630598643848572, 1.6559287915916205], [-6.610073675837759, -4.971597792085447, -3.979117351885262, -9.752478222741576, 0.734497662138808, -1.1544320019680718, -3.9635311239529143, -2.927224152040173], [3.1200149852433396, 7.12771260056304, 6.745686198750054, -8.395605422596663, -7.1713068546531265, -10.981733657841131, -12.547556096840875, 13.16897939608467], [-5.70558374066247, 1.2396016105810268, 17.502797847735334, 14.273963086320169, 6.139142463495402, 9.644270272927363, -8.226467385733175, 8.611755946381814], [2.7285842769105373, -3.3669709989532937, 10.012093673423552, -10.496409327672083, 2.9751417281012285, 9.248057924670025, 6.684475685494066, -4.116670959923634]]}, "knight": {"black": [[7.824934777248815, 4.369585425000036, 8.579990012243105, 4.347172577040924, -0.1518819122077516, 10.023760876655597, 1.0087988388697056, 10.064959505932501], [4.532786322660655, 16.396802942389343, -1.0054386953839163, 5.728815595573565, 3.534731995599269, -10.958595931139268, 12.05329623694465, -5.536347116202563], [5.880371058819259, 5.6132945613916405, -4.2199137335639385, 6.708248451206913, 12.923505244457793, 7.155990915368156, 1.5709230202567008, -7.005483808448535], [17.176012060335953, -2.3007071592894417, -1.9379136877236647, 2.3023815750326166, 13.368553187467647, -9.136106553150013, 9.529518084063191, -13.188845826136845], [3.4636284387857357, 6.7321426492949055, -0.0790138849019141, -1.0755739053500935, -2.703614363990894, 11.367407883129987, 25.297127302461732, -13.262663394956729], [2.684154712722009, 9.455559795773382, -4.776836672900404, 5.862565181343194, 16.333090384609765, 5.104727759119274, -5.34120072891545, 8.062897997000105], [-3.1048043755503087, 4.237639724056558, 5.1531207126744585, 7.6829369393654385, 4.754976928060953, -6.094621893773402, -5.651068717133753, -5.317887221111082], [1.047307315077489, 13.571904489493228, -8.098929847916853, -5.095801365234239, 5.007673209745547, 14.063790742876023, 14.82824534414042, -6.096858142734762]], "white": [[-4.149061714003228, -6.3014605400584704, 6.4976226466029665, -13.963986867048224, -3.3725155656123817, -4.24833050932726, 14.712165221911842, -3.5318715012332786], [-6.055841347797248, 9.223186188384087, 0.24781932141746127, -12.618187601260761, 5.880722116062658, 8.8067938589788, -16.000792820576, 2.5266147366787433], [17.742998263100286, -7.143706588509758, 6.25235603913473, 15.298731147476346, 11.329639829569482, 3.930164473859561, 0.5390885674172392, -1.11259260331082], [2.2105915440735586, 1.3470632623203096, 9.481560334943875, 23.215612773573934, 8.840905244698089, 2.6166177458968005, 9.97523638064612, 1.7088460596340829], [6.809662231288728, -2.6577580721038636, 2.915374878812059, 11.5765919244758, 8.857953258883654, 2.4323560968331774, 1.3721497835383687, 1.854710863980932], [-7.373710521489673, 14.080687784041078, 5.025812990995735, 6.414692303709568, -2.7736821881880562, 7.763012442384616, 15.6281329262762, -5.261049123251091], [8.841140953851458, 6.853039907414695, 12.978738612418965, 2.0186538310179567, 16.5734606404116, 3.2758951420472933, -2.4787990270290847, 1.6047969200184227], [-2.4585978479509336, -4.4542417410418755, 22.74453812878327, -10.358823911299526, -9.110586734024281, 1.8807336689562437, 22.17195357928714, -3.815189127423386]]}, "queen": {"black": [[26.807552287198178, 19.135771521070037, 13.487332347599265, 2.555372377595543, 1.425088498555442, 7.847908248861257, 13.674426715778754, 10.50237257815718], [8.382389902363002, 12.482812039295046, 14.75230228914106, -2.376750636194829, 5.171130317026539, 13.56743960889394, 3.852337256581171, 10.563493013948483], [5.9868837517463795, 4.385177860635619, 16.038297660654987, -5.063903555321622, -1.1951262610709763, 21.320053915813688, 34.621464974851015, -6.680486493598608], [26.18526755602562, 1.259141738186631, 1.2128595102098239, 17.763014112822546, 14.037049852993004, 4.421834715462765, 5.077385958607386, -1.406141360920757], [24.30794418716767, 2.3043116937693937, 9.60929688520798, 3.237308150968646, 18.951647323216342, 5.2397965869932435, 15.288295745927348, -6.007801197133855], [7.028899628241854, 12.820177096567921, 32.20121600321036, -5.387113081378218, 3.676505621235655, -3.079938793273513, 3.2822038630733603, 4.614847160039319], [30.98844754270641, 0.2799357769737473, 4.272502116511196, 13.931757409534011, 19.011133652347127, 10.922664992067348, 10.791089903129178, 20.225354442668937], [17.543255103083577, 9.0800613837344, 14.135345226594634, 5.551436596495567, 7.026661189669976, 3.8781866723705143, 3.21137195198554, 8.81415468769328]],