{"turn_value": -1.5021978219579095, "defended": -0.7075282714928658, "attacked": -0.159319611584329, "available_moves": -1.2410700223450133, "piece_value": 3.1526177927188135, "mov_value": 1.1945835535124472, "kingside_castle": 0.42439024115658275, "queenside_castle": -2.9027437476638176, "pawn": {"black": [[0.9366578467041098, -0.8659994412394674, -2.4244604949137853, -1.399185289889944, 1.2533744582325035, -4.859392244334867, 1.018588916669658, 1.4670390352914509], [0.7504705343499785, 4.380789052293426, 20.431715842400806, 0.7391271386469813, -10.507615406377333, 0.9981097880376799, 8.223881772101882, 3.2802325404688872], [-1.0440602934933654, 14.968867905574296, 6.298229385641918, -3.727230436805817, -0.15317055360307755, -2.332440461748829, -1.7463289881384392, 10.713116729505474], [16.927576518245345, 1.4510024772057264, -7.907493557717881, 1.8781673814972666, 4.22481083721268, -1.3159744998184797, 2.8452352904867446, -3.335623936447008], [-11.598966882436438, -6.012469174979108, 8.16837583661901, 5.626751874524521, 0.8354068742685223, 3.472710095638783, 13.202946993403453, 6.477146412948645], [-7.140275161060874, 8.371199009636914, -5.055997029348733, 18.76070822572812, 19.242956434655163, 2.3869002843467744, 6.345712407898624, 4.9380807612361135], [-1.1852035527439975, -8.13249730781359, -2.938389960784928, 10.177253133576265, 0.18980961498644827, 17.6279377831043, 7.060633069614367, 9.093548775054105], [0.16886299784763786, -0.029659511688677878, 19.02638249942754, 1.7742999423323358, 2.9620925950972588, 14.771772880539881, -10.70512001230635, -11.676592422199992]], "white": [[-5.1901973346319945, 12.042668395862126, -2.881794048365794, -6.3447189694747035, 3.920383455080141, 9.076106876422873, 0.9186549565163868, -2.6430579249574646], [-1.2177608624476826, -2.225566977069356, -5.485887069409603, 1.5491923793603415, -3.303508158637767, -11.572145768003995, 1.5376059754876943, 8.620553199918527], [10.206121233362861, 7.311118255719846, 15.523501561191953, 11.471467666449511, 11.80257083070515, -1.230341928720204, 2.2770406679688793, -12.930191505169226], [-4.564339454388049, -6.499965392044121, 2.6308904062774907, -2.9473629349248345, -7.793888279267431, 5.020891542771551, -4.714848638173464, 1.1409861162906791], [-4.901362120500229, -4.19267871792251, -7.925149929362886, -9.177451480865495, 1.4023987495501418, 2.3066784750827063, -2.586429995441033, -2.4616201652106655], [1.1021414306946355, 6.538902497006388, 5.263083733467399, -11.72405369326249, -7.457540258638575, -8.737071053753969, -11.191958909049106, 14.439815782042082], [-5.077408801516068, 3.772178643455743, 18.00078254686259, 14.061600610020388, 6.725907992959847, 7.556702082564018, -10.10436004776737, 8.248279674302278], [4.09813760120055, -1.722375631661401, 9.103439441240456, -8.982727637155989, 5.547417142578359, 10.61155454564387, 4.79699838173986, -5.575483170614785]]}, "knight": {"black": [[9.435219223893988, 4.734035580552452, 7.518435885909863, 5.285597733680317, 1.9486844000462256, 9.91663022897491, 1.3063619930736288, 10.573809067225772], [3.3066535469184615, 16.411102309633588, -0.3890425016174076, 1.7428161560707243, 5.406121001196807, -9.909005012148977, 11.944198178889264, -4.595841063866868], [5.777390280246719, 2.885853679244685, -5.8025486231051815, 6.486863723010609, 14.495165699643017, 6.575512387354699, -1.3808253247301203, -6.500505628601584], [14.95051316833942, -2.1551992106304976, -1.973793015187989, 5.532501208135141, 12.477068383940619, -8.211588037500121, 9.193572218066702, -6.940218659236761], [3.9033429896034217, 6.313195781935661, -3.5606412181550353, -1.3718618468836894, -3.1204418606053483, 13.505824751879231, 19.774493932843193, -14.15907647171473], [1.120967926474506, 8.066668792429132, -6.70202959815172, 3.2452435915561884, 18.471925405558363, 9.61132923111159, -5.05109386978836, 9.292383956904436], [-1.1626976904880404, 6.259579640648347, 5.353776927393368, 11.65278424661977, 4.298122137824612, -5.853575558694525, -3.567222864607082, -4.5714996896837565], [-0.10916644471655276, 12.209131870861086, -6.076599567173279, -5.696569854248918, 1.2333381226188393, 14.107273277337612, 15.634806119358114, -7.245835147978617]], "white": [[-1.8984053468597715, -5.030891509153292, 6.068128040329851, -11.438356485548773, -5.305047800366779, -0.6844160225799943, 12.810473763349675, -8.413276593381095], [-0.42442434306982424, 13.502496374102325, -1.8049627686352783, -7.896763368314671, 2.946389230731861, 8.521858988153824, -11.52182761423526, 5.1410007949963346], [15.802084915045432, -6.783568848760286, 6.313307524583127, 14.66437246683089, 8.972833551682566, 2.357315835778224, -0.7362103728913487, -3.1101021421557586], [-1.0434580604615853, 4.993233493182269, 8.360291922042329, 20.141562586801903, 11.342178026456757, 3.536604341604349, 9.101230438569612, 2.8530583780240715], [6.457613284566461, -5.400993491931692, 5.808153854451636, 9.68883709261102, 9.377279261034602, 0.20987520802144471, 0.7610543996098579, 1.545104505002128], [-6.439328506339159, 12.920872779750123, 5.922082247397817, 7.259481016510316, -3.5373851189978414, 6.124912528945648, 9.053824903061713, -8.446184814011128], [7.861868984918656, 5.089238082291949, 14.292433034862086, 3.3975869177851874, 18.280657839798657, 5.721997944888523, -1.129575531100083, 2.249675715563921], [-2.617111293224693, 1.5583406453103215, 25.566645415384052, -6.281850128293282, -6.3469247802318005, 4.009354014077958, 23.906262594521262, -2.4935758441421982]]}, "queen": {"black": [[25.466697619863645, 17.91819784456336, 14.092440973909014, 0.24173649548540732, 1.9920499478314826, 4.21763920563999, 13.901082638101656, 7.830095279873181], [8.42684102021095, 12.436106489581448, 13.248083477267379, -2.3571204285677005, 7.9184435578852135, 15.455997775473634, 4.913994730504679, 6.153660173163695], [9.027662153994784, 3.309395040846333, 12.794834631796725, -4.0983642810437875, -1.655758987788467, 21.428706973242804, 31.238687275024454, -5.997099120898616], [21.863301471511342, 2.575064400384975, -2.276480927793645, 12.892943972163891, 13.178970052107442, 3.0288897609511185, 7.283326630619053, 2.254450970524951], [24.21379462798386, -0.4128546117334707, 10.587675735956653, -0.18238619318271546, 18.379000253718583, 7.783478567265339, 12.354111263406534, -6.018006468858781], [9.20405202322298, 11.855001520037442, 32.82164374381759, -6.572260414414904, 7.130142841851663, -3.1080137594076103, 0.462256310145124, 5.8372425476332275], [31.353203779323987, -1.5846801969341864, 6.972602069381905, 14.777365308115197, 16.817616813651888, 11.298551265744656, 10.14928912212774, 20.956680761497594], [19.05024073830915, 5.576041639283549, 16.193184448402416, 4.986422115005132, 5.1980069110493385, 6.77751777269232, 2.783338356915528, 9.141722377156842]],