{"turn_value": -0.04086735332791581, "defended": -0.009431215782480639, "attacked": 0.006618861805307345, "available_moves": 0.013139792345086134, "piece_value": 0.9424426343458217, "mov_value": 0.016442695596114137, "kingside_castle": 0.013401905694077818, "queenside_castle": -0.020905296049595366, "pawn": {"black": [[1.021524459429767, 1.1731408076839764, 0.9905491921725365, 1.0787748648600342, 0.9862592213959258, 1.194790292089931, 0.9219018897700125, 1.229892811483298], [1.0409550170915032, 0.9150804798082115, 1.1065734287795888, 1.1913452661096748, 0.7618451622593887, 1.016762379498959, 1.0354847333858166, 0.9606151348580239], [1.1793620694709657, 1.0460121042789017, 0.8564536218851628, 1.0915933542009375, 0.9125932686954727, 1.0547537465188672, 1.0506714455149577, 0.8776315900805904], [1.1369619324902616, 1.0445615278773013, 0.9902148767370134, 1.1763958349037673, 1.0357922348413737, 0.882592957742945, 1.0439715044417404, 0.9500701459656344], [0.9620476519172243, 1.1439691275646, 1.055899007589661, 0.8944925442732892, 0.817470347483646, 1.0646612388573438, 0.8465751918878772, 1.0623309520932351], [1.0684202133120027, 0.9753008009640574, 1.0729168043161386, 0.9215002935631429, 1.1290848212452054, 0.996106360857873, 1.1009517508797046, 0.9626025367375453], [0.9672055436737259, 1.1653091466589327, 1.021808561898797, 1.12852993137229, 0.9455903096435783, 1.1828510407291883, 0.9719085490385193, 1.070593143738255], [1.0738040538187283, 0.8871532477752184, 0.6872880650716691, 1.2982027188059968, 1.0402798820667463, 1.1168727792628312, 1.1707761998482442, 0.6759958392642524]], "white": [[0.9519007826310635, 0.8466974772793765, 1.0093972840958063, 1.0843380346044875, 1.024063960851799, 0.99541934363753, 0.9179662998922367, 0.8213135894133851], [0.9046111076188306, 1.033687340288942, 0.9423817344073755, 0.8552183996339672, 1.2342660440258924, 1.1434501546461795, 1.1477225532282185, 0.9177672945056857], [0.9877633588099208, 0.8449909893745282, 0.8993135225033537, 1.1526443700600788, 0.7898916527978777, 0.8366039856740335, 1.1957534576359004, 1.1171434544849523], [0.8810979674721635, 0.9580826831451315, 0.7751742769674312, 0.910372774223378, 1.2792851882308458, 0.8867558703521048, 1.0304442102251676, 1.1140591095834615], [1.0433855501085916, 1.0284472383493262, 1.0930090826745962, 0.9880441829575675, 1.0638053586409837, 0.8153212394849286, 1.0823432308146181, 1.0258808129051813], [1.0788726350304734, 1.1633055993096542, 0.9279958563217552, 1.2046241010944496, 1.1315544243164433, 0.7742521424272284, 1.0252725272890368, 0.9008311418353099], [0.969999116013478, 0.8962999393444089, 1.025552345918601, 0.8488104165470937, 1.0939807374345032, 1.0192057533137702, 0.9582911405241351, 1.0498031769345575], [1.0175397363321181, 0.9218559054675692, 0.8632120039498374, 0.7227703661520091, 1.0479767180528534, 0.7798781998894122, 0.9996608121950324, 1.0677189643713136]]}, "knight": {"black": [[2.840607253199402, 2.918502490258949, 2.950655960947988, 2.739272177769865, 2.9050745240344282, 3.2126768161154686, 2.9416375184185966, 2.7891875454835535], [2.9954625583758614, 3.0133530332398215, 2.862214556598523, 3.1134765733185747, 2.877076718698876, 3.071988739730255, 3.114467999909145, 2.948658017692011], [3.115071673037221, 3.1165656920253797, 2.978104374788682, 3.283984836472686, 2.8759294529158157, 3.0184922084060646, 2.911311300624567, 2.9846149088648155], [3.0021688646263858, 3.1466050929313445, 3.0935425958843252, 2.9555827841385742, 3.188193059787385, 2.8034362790149254, 3.1475137398811297, 2.9263113348374823], [2.967079907454595, 2.812693412072169, 2.8196196350903895, 3.142695915057309, 2.893778745025918, 3.1762749039167737, 3.0799638386569157, 2.8043213372711135], [3.111716618405528, 2.8194927914207697, 3.088138684828597, 2.974907523794028, 3.0123509789957827, 2.9013314149300355, 3.1041473577917067, 3.116779957674781], [2.8841394119311365, 2.794973811306217, 3.232376583701404, 2.901231801089978, 2.9767576944056886, 2.9818530968273924, 3.1807327760482584, 3.0506124592307087], [3.1377773158822992, 2.869369634666701, 3.0303249271294455, 3.082078629788659, 3.3617402549160476, 3.045669179000404, 3.091734871876473, 3.1784375948958496]], "white": [[3.2071669895590436, 3.0288269892500144, 2.956000434832415, 2.9033221175047323, 3.0166278074444293, 3.1562316297786355, 3.0834141770926746, 3.0612434928641794], [3.0785625812729975, 3.0208352833957957, 2.98570507750845, 2.732926208295619, 2.967923049101912, 2.9124762959899217, 3.0376093755702724, 3.1944888611900595], [2.90292003030965, 2.875329733678618, 2.8521774127059025, 3.035719525860844, 3.196812346874622, 3.073395088936298, 3.073893111078724, 3.0485349618713578], [3.175791538323094, 3.004268696619728, 2.9004220223296753, 3.003949718946674, 3.1618538747162175, 3.0119981839766607, 2.8464879234363134, 3.162805929810265], [2.83656657990067, 3.0224704963884697, 2.987514622050828, 2.8130263427574542, 2.636155520438764, 3.0789452945383378, 3.1000897865535926, 3.214074757591842], [2.892909581492407, 3.1155373377923903, 2.905521789731884, 3.0778957919393592, 2.9360257880179454, 2.97423323969209, 3.0204495249641554, 3.019018079325858], [3.0695183895761753, 2.9466881471316526, 3.1339856542077094, 3.165317156333935, 2.8269375284504212, 3.2242087917310625, 2.9522353231059686, 2.7767677078183017], [2.907308759991863, 2.9302901623090065, 3.157697391112036, 2.779846156112729, 3.0006266867412563, 2.8566633864405255, 2.880192126774024, 3.0761104205917382]]}, "queen": {"black": [[9.019999001814304, 8.789561653654989, 9.01559589531226, 8.971258257514164, 8.867103058191457, 8.87238644355452, 9.07639280711263, 9.018358158641657], [9.10014630008728, 9.25171001974118, 8.862866750391719, 9.024653629190388, 9.127907280675974, 9.031763545472057, 9.062641285370379, 9.106286207639265], [8.904099286799669, 8.864355769547224, 9.09979038979248, 8.99727161591478, 8.87897148324668, 9.189590357429099, 9.232993717943863, 8.994142916232928], [9.10151907830241, 8.96384044900169, 8.878017121155645, 9.152995333468143, 9.149472391231257, 8.967055885331254, 8.95609381059005, 8.86931787158079], [8.97001850472899, 8.91060463940122, 9.187638348592237, 8.986929791476282, 8.959242292337482, 8.887747998185075, 9.115477358252031, 9.23078101726337], [8.990123233861976, 8.839756635525896, 9.069177456739853, 8.823841644655868, 9.126691546937275, 9.134170588159044, 8.745846239928182, 8.955640203955644], [9.061144575201693, 9.112316122615624, 8.924111597060834, 8.896876160911043, 9.28667161389153, 9.189565718037898, 8.946862340436189, 9.049691940854816], [9.102637271371648, 8.874086244413451, 8.98280519084043, 8.874052162588445, 9.007635660669342, 8.967779334438493, 9.118770836857708, 9.00343079663049]], "white": [[8.798768014755419, 9.209855190130048, 8.976803881286955, 8.887432266911825, 8.997072329651097, 9.204223962110811, 8.99280469246044, 9.268226304645273], [8.911577803180357, 8.953766575792876, 9.237387727079255, 8.808439653342433, 8.872939945247031, 9.032601630061826, 9.010166121629299, 8.947143635394124], [9.066200758507206, 9.091577400591834, 9.017533871485412, 8.758701166432171, 8.98661224944045, 8.763076232306288, 8.823097944654847, 8.87141923147956], [9.160554944599767, 9.175295341542018, 8.967520838111957, 8.9342441428741, 9.182182043080848, 8.946206071768522, 9.133701831672536, 9.078852826007545], [8.915381366772758, 9.001055574085997, 8.941516572747366, 8.937484516552173, 8.93214725729202, 8.89697290831375, 9.137652064053448, 8.848792241143965], [8.83906795521586, 8.976797120162564, 9.267620172021653, 9.019847453019619, 9.062433161247558, 9.192528796595635, 8.875070716503837, 8.925230851099661], [9.173834014315052, 9.001137451237051, 8.888899640878718, 8.996495791500477, 9.144624497232208, 9.195355096276028, 9.041110428319206, 8.939916359352207], [9.123185119298263, 8.937005503364063, 8.94077790790004, 8.863437848686083, 9.066482054551475, 8.928903999987376, 9.024702602168437, 9.06076615076435]]},