{"turn_value": -1.6297216483986623, "defended": -1.0150166781375547, "attacked": 0.44687955179721794, "available_moves": -0.6208031554263617, "piece_value": 3.106413376878999, "mov_value": 0.8059711620745166, "kingside_castle": 0.7809838359415958, "queenside_castle": -3.6793119212382566, "pawn": {"black": [[-1.5059167634947799, -0.8841196257288015, -3.210379602724464, -0.01776030649243368, 0.5879798366746903, -3.5721857272214876, -0.9972519323163129, 2.011555842032782], [2.9567314564504628, 3.1234956989396983, 23.0928084827897, 1.008031073824544, -9.610417870476297, 2.967329585362407, 4.860100006187945, 3.3154230205467092], [0.37571988133564654, 15.376205377935733, 4.536103883956301, -6.084798116998925, 1.349331091451113, -3.7091120458237437, -2.900988732041823, 11.017381755185792], [16.70592765024645, -0.39985230519017856, -9.114686244948768, 3.1459288565871164, 4.1472444038737155, -0.42898380352691834, 1.7385029233395455, -2.1579470732062314], [-13.719183617736189, -6.524811919185439, 9.332529059284868, 6.36941501506787, 0.4378521308594575, 2.9304337103282725, 14.386969730492195, 5.513080334531373], [-4.3927415458729095, 10.312661998223291, -3.498855286672258, 18.256348802998744, 19.941873633695717, 0.3170012120907162, 10.300158510460214, 4.45833480343371], [-0.6991699876616357, -4.274165221134168, -5.490040741940836, 8.909761340043119, 1.0878225030196818, 19.395395923290746, 7.838930882283246, 8.722472923260804], [-0.12151559954623439, 1.6577404200145114, 20.254190483369264, 2.5182933179525246, -1.0781563325185166, 13.79386605883311, -9.361592015636116, -12.767855399511152]], "white": [[-7.0389926764160355, 12.063964248588956, -5.00233771472995, -4.125204027692481, 3.984338483120659, 9.994207309295351, 0.8584139215061597, -1.916144188341804], [0.5791845312065684, -3.3732953759807396, -6.046271852313593, -0.05398096693431827, -2.989645693701621, -13.362266055630663, 1.1925775709330741, 7.195783324504658], [8.914465990202004, 5.447492109112619, 17.389618432694657, 11.273943721163707, 11.568050581099964, 0.5749267684658672, 1.2228907539380762, -13.46844820197709], [-4.774053841778873, -6.546722897194053, 1.8297272294610871, -0.2042611241459042, -9.02659709480184, 2.6946686553434946, -9.232781901367536, 3.4002901206044682], [-6.973085931550742, -5.743162148251047, -5.384319646942033, -9.587662960267238, 0.39394559171969923, -0.344923245141286, -3.9761335500829427, -1.7743921722998364], [3.0514069510975297, 8.326800709721159, 7.244961389619208, -8.580451196454183, -5.522806672205315, -11.49976953503786, -11.853080983975257, 13.510834114179621], [-4.72599100643785, 1.5289697422602386, 17.925817287910267, 13.386260828129725, 7.6725466570620355, 8.365718050352339, -7.6099244217431234, 8.323223571108958], [2.972148587421426, -3.173571414379711, 8.71131379299509, -10.46031426138019, 4.023619472985842, 10.092991844077204, 5.789187778714392, -5.197618614909114]]}, "knight": {"black": [[8.402411355173998, 5.0367223540926584, 9.122813718496579, 4.239987884673808, 0.48020459972509866, 9.434483799433846, 0.12956575417194108, 8.353740860964091], [2.6767459458392757, 19.034561873364122, -1.237022350461666, 4.169866669457776, 2.9187610720006023, -9.273907230508428, 13.207554119609323, -3.193981201038158], [5.815180841246067, 3.9204595925479966, -5.613860548385484, 7.291157776700572, 13.953003885612627, 6.325291993289541, 0.4361373301824217, -4.7982676415971985], [17.494364066161072, -2.8355344387734345, -1.4874802937584293, 4.108773993300179, 11.642960013001513, -7.9156424161550705, 9.470131502918061, -8.466115898254603], [2.9415926991785555, 6.560909038654074, -1.0725527321426704, -1.81953342878569, -2.9188611058678275, 13.60449383523286, 22.75603297612245, -14.525175049460554], [1.441294821141344, 9.805998426490449, -4.006914606835104, 5.4089553310103895, 15.665456033807676, 7.231088959539265, -5.099907305797576, 7.728598979372869], [-3.4628533105093737, 5.298249992514039, 5.463558236079924, 8.427051188348498, 3.0772271042025876, -6.1962729040503906, -6.63128787736383, -4.244217592832513], [-0.4243965183938774, 13.737200108127354, -8.590413834833685, -3.9893397495752154, 4.004083791627994, 12.85975244245207, 15.887176974281658, -6.398704308834933]], "white": [[-3.9917732493353437, -5.8351175520179295, 6.17174576351556, -13.419026417327421, -3.038573832740285, -1.4493995029243514, 13.434237353715744, -5.278695495177602], [-3.5783219920811256, 9.045974378837796, -0.3603543035545444, -11.577690831053284, 5.8245893004673235, 10.681431319157953, -14.259935155474079, 2.707707165668303], [17.668060667713892, -7.212788153630662, 6.517999805973201, 15.682024560876734, 9.993969246634371, 3.3910079024595055, 0.5522576448361641, -2.777009104304511], [2.4784384723850135, 2.308626214286416, 9.920168962315397, 21.417236233888584, 10.032187633818394, 2.9100689166184575, 11.266517592367894, 0.6949995205980171], [7.5325332754519785, -2.901085260356952, 3.5161859090443626, 10.750545451991066, 9.25897857731113, 1.1522846844075343, 1.3503709689482657, 2.9060335424879655], [-7.213101942095877, 11.345240343281711, 5.129946381590963, 6.348002095239975, -2.1858381002154976, 6.399392468168683, 14.142294403516651, -5.998522596503324], [8.871578428466668, 7.072695379682221, 13.732451759734111, 0.7425940117686793, 16.41500205670787, 2.266626223801519, -2.234746809435396, 1.6270758841971302], [-3.9664663099701505, -2.41402854830163, 23.695786432181077, -11.416223694910858, -9.229623257352547, 2.414947797110423, 21.939613348289853, -3.774041626299603]]}, "queen": {"black": [[25.699017856952096, 19.830854564586726, 14.079521411707217, 1.0125423167790935, 2.09500432133988, 7.776181531376655, 13.883181812617742, 10.465564669669366], [8.285622295577499, 12.540018294453773, 13.456189239672693, -1.3501822231009821, 7.504315646840434, 15.912283684052081, 3.4098204796634324, 11.706962894049035], [8.747435492243396, 2.8604827463168525, 12.833822923756381, -3.669001507228254, -1.4846038144018194, 22.318244442730713, 33.38050630402326, -8.384185805259731], [25.79582612377135, 0.7685249313007843, 1.5361936034028232, 15.83466589888301, 12.956478404098991, 3.703773336218183, 4.545804486695776, -0.7826195860869052], [25.161491424688784, 2.15003284236675, 9.114214465967427, 3.726760494151086, 19.234339961285905, 5.5433785704630285, 15.665882825602123, -6.421749300465265], [8.649945383211639, 12.062863008515652, 30.92292947699493, -5.444540262874681, 6.641164710301753, -1.9549442605567922, 3.337594821491278, 4.101442820053663], [32.66568360891949, 0.42783351458230523, 3.8669136593878717, 12.494787739554415, 18.896426650004862, 9.868840882880844, 11.114746743295663, 18.462420579381174], [19.181858856519355, 8.13402512068448, 15.434637277417387, 6.998337097884873, 5.811632581675266, 5.168402045653503, 1.8900097884449456, 8.852812022413017]],