{"turn_value": -1.746626544618012, "defended": -0.8215494967163279, "attacked": 0.08928110730393424, "available_moves": -0.7887652523443505, "piece_value": 3.5154695744953637, "mov_value": 0.9986094797564273, "kingside_castle": 0.5273048280408908, "queenside_castle": -3.8668232402318448, "pawn": {"black": [[0.23388837058973433, -0.3664651622053199, -1.9355959277502723, 0.3977045475717521, 0.1277901246411537, -1.9670425175997805, -2.612691176395611, 2.6978620831967235], [2.3381508824447668, 3.04883352623294, 23.435363944499365, 0.7455200081160305, -8.319147008827684, 3.2284982164913476, 3.122881821363648, 1.9596610908750498], [-1.1985316333930287, 14.373628773614385, 5.316162997337972, -5.739169498707972, 1.5082677583498403, -1.9836138368327134, -3.2917016834541775, 10.340989349556905], [15.354289278447556, -1.8912309748232063, -9.152662504133659, 3.930731801363703, 3.7807803398471402, -0.8043056699658772, 0.8997993425384866, -4.471887048067911], [-13.182541330700106, -6.021560922200546, 8.153990922938556, 6.023585589209494, -0.15422109390261662, 2.8080034703149357, 14.884833060192172, 4.849780922912334], [-5.526249026765883, 11.12144628988486, -3.596404030940576, 17.66914552901576, 19.54742167708057, -0.20062961113532995, 10.239752672549361, 3.223291965897565], [-1.4642772528345909, -4.26061367230717, -5.027157897331271, 10.196813825862307, 1.3093215055559713, 22.347848570624137, 9.575540715271373, 9.585635500751714], [-0.5442871931620348, 1.371973616764889, 22.317692920745415, 2.2270367625791536, 0.9881992635815087, 13.87232527619059, -10.563885111851992, -12.790651235371694]], "white": [[-7.41058620819679, 12.293141065052357, -5.042700209735721, -4.889381013559298, 3.0973059438392765, 10.166588776796722, 1.504096476735664, -2.2397444781326845], [0.09496145086352681, -4.0683402923824525, -5.722901667548918, -1.7511465599298668, -6.25609035731955, -15.17581356088169, 3.206618094724109, 6.5438513110920535], [10.584168809690743, 5.697720981899979, 15.66469230295741, 12.041470126624702, 12.319614975141404, 1.2969120563281427, -0.5203164990799723, -12.390397695284502], [-3.518224267569278, -4.730401954614268, 1.7576826023111058, 1.1253657953467704, -7.625895904254492, 4.256996711393814, -7.897663142062699, 2.870783825927565], [-6.060551982070932, -5.514782604493532, -5.2127132492221575, -10.087387056833748, 0.5533120309194568, -1.538078698162342, -3.403599669004546, -1.413084120963628], [2.961474000689986, 7.063577636319696, 7.010221311296222, -7.908193280986134, -6.884798781511235, -11.182730919931954, -12.387659129505835, 12.785790817309795], [-5.166749164926154, 1.3306848589080489, 18.056269524102227, 14.23487057902328, 6.7951574148918965, 8.843826998271929, -7.6141919037545716, 8.924464082856401], [2.361658804872291, -1.942614138742851, 9.634934172633738, -11.079821873818542, 3.1167910545137056, 9.640052248977515, 6.118662838795675, -5.131329739569681]]}, "knight": {"black": [[8.986164051685234, 3.882727054044521, 8.392640857851164, 4.1917206889258924, -0.03404670524667943, 10.195744555130478, 0.45506833485935716, 10.047303153689358], [4.957981548815975, 16.50647196481981, -0.3518195935184391, 5.708390638040948, 3.1674835632479112, -10.246100019473289, 11.331874542186913, -4.737433778361946], [4.652931984676823, 4.896533351885469, -4.765442334383225, 7.20495347510839, 13.118014614991466, 7.171747504551821, 1.0121334778099507, -5.800274585383124], [17.127057103150257, -1.9483739817320858, -1.784139802103407, 4.234816977044965, 12.617172618269962, -8.716213908568266, 9.48081417888905, -11.52313586850583], [4.095699507715463, 6.9278240750691715, 0.3070569948572308, -1.4645792320800521, -2.8608099675828056, 12.417563397258565, 23.90503714548004, -14.009989022113539], [3.145874570970558, 10.138331181970072, -4.360836220600202, 6.124218212638188, 16.665580843842026, 5.636253081028735, -4.962541478508218, 7.705771034244091], [-4.137487766839635, 4.761684502522889, 5.143696336601699, 7.91322744782724, 3.9215151339010017, -5.759254662191489, -6.023985754791452, -5.1499441817496825], [1.4604985922962654, 14.117947984796096, -7.888340035529813, -5.493016101908642, 4.817325905760521, 12.994334589162003, 14.993793358993202, -5.573271613991339]], "white": [[-4.3820233330319525, -6.278103158991457, 6.562502319891438, -14.082917886618706, -3.3306604114159555, -3.682512065474312, 14.26646355450107, -3.994553798171129], [-4.791552212559837, 8.09745064198076, -0.1757680129501898, -12.25248065407159, 6.486305325975281, 9.515691875925823, -15.787637398841875, 2.800175155713362], [16.530105095022826, -7.296968950795636, 6.347988871138371, 15.133450726073306, 10.512424040517368, 4.087290614403463, 0.6317063980065272, -1.5885564400551138], [2.8321889006388288, 1.551537103558342, 10.150956620825085, 22.958783169212087, 8.693249561035733, 2.413683341491146, 9.917334772986456, 1.2441663470807247], [7.313047861145138, -3.500673549339841, 3.3110762415551163, 11.494897625557867, 9.062743567348186, 1.8684556676269954, 1.6384166480835223, 2.2618025554865655], [-7.550762659937039, 13.711169184597743, 5.557241515729565, 6.382777838538107, -2.4372303790622585, 6.926716659900773, 14.82965668887428, -6.276920178111929], [9.700542601627793, 7.223257891422186, 13.423719354319598, 1.260261198231644, 17.027162525324737, 2.7370244512562714, -2.0021607205157608, 0.2905954671889035], [-3.022806308886647, -3.446609836846797, 22.095947040571325, -10.556131104145996, -9.103817237198426, 2.009630235567644, 22.86591894007177, -3.676236103610325]]}, "queen": {"black": [[26.22706286152757, 19.417039433578207, 14.141051538766117, 0.7944428755948616, 1.0289829562859734, 8.403712348349403, 14.208824754441157, 10.180858420145148], [8.124892278965644, 12.568839321454128, 14.267408538006224, -1.7078565171273805, 5.7730275904712105, 13.915745285042675, 3.835065417237005, 11.380838963386557], [7.142936318076307, 2.82951229943307, 14.864601329183074, -4.822811910632161, -1.5783218933446372, 22.119250201400053, 34.68234411044064, -6.549323889608614], [26.374881596381957, 1.5176859790509165, 2.1262557411003398, 16.657373682688405, 14.229252703438167, 4.0815137294630555, 4.7785215450197605, -1.4572001447068066], [24.225026288511035, 2.5004680622989843, 9.718305992193901, 3.393369769377405, 19.292949369343727, 5.258692764490753, 15.915240166539746, -5.37566549427723], [7.245221159377618, 12.303662587363037, 32.697991853928855, -6.108612353217836, 4.263451114616523, -3.2200324039231267, 2.74594671774331, 4.150860646707123], [31.819692419266033, 0.15428371791470594, 4.04902057264455, 12.846793445083435, 19.180877902514744, 10.239440946797655, 11.203531861430037, 18.712004551669104], [18.44808644627682, 8.330603324994668, 14.641140671850216, 5.312450730885164, 6.953566545991476, 4.077540175088969, 2.1292892726390757, 8.910920731966886]],