{"turn_value": -1.6009691970786237, "defended": -1.0353115779683433, "attacked": -0.06592588717487041, "available_moves": -0.6991579954349684, "piece_value": 3.4036657231424026, "mov_value": 0.8118394073743345, "kingside_castle": 0.47350872021048596, "queenside_castle": -3.9414961000634756, "pawn": {"black": [[0.09331130252345228, 1.1107204629432332, -2.8453566591037163, 0.8790808653977669, 0.04034988587038247, -2.417376830360356, -3.51058640307223, 2.35647483100683], [2.9027950482039175, 3.8630328533026335, 23.166826931446685, 1.3240377819697884, -7.759387486546979, 3.8844821801425606, 3.3167950388645595, 1.8377383153733824], [-0.5800913039408009, 13.454116788538435, 4.611298387213014, -5.119666318968172, 2.4329597292093608, -2.429403078845523, -3.1388386771887444, 10.650249375590398], [15.443955818079939, -1.5943318146954084, -8.887269790627743, 4.810479508151138, 4.350628896759777, -0.6984198786927044, 1.5297425644909781, -4.393774338775581], [-12.31675762713757, -5.697539990631522, 8.884477365508081, 5.95387601778888, 0.10521445335355392, 2.656111983936656, 14.424139007741857, 3.9860711501737036], [-5.78097930044605, 10.953419084335433, -3.234467170728917, 17.854689120391875, 19.38004838498363, -0.16148084599774334, 10.304974803228612, 3.3020272367054697], [-1.8272790463741573, -4.208567524101407, -5.465432907982897, 10.726630691748074, 0.8920701864787681, 21.819863866524503, 9.072984544238984, 9.509638838228307], [-0.5498847667836644, 1.4260813768402278, 22.165974459829282, 1.9020774987070108, 0.42373700475883136, 14.605757298133614, -10.472118680106949, -12.16336460001827]], "white": [[-7.032054891091139, 12.223132982882621, -5.328798715979275, -5.635060458448735, 3.286625540463457, 9.985779204259222, 0.6129757035617591, -1.6466375831540505], [0.7551382063616985, -3.947999938312285, -6.461589173011799, -0.7016559786832832, -5.6077964725720735, -15.415438244442178, 3.3647411046469875, 6.850335650067912], [9.7273602098272, 6.444250572670704, 15.337854627405559, 11.480550387072231, 12.23808740248258, 0.7423357126208155, -0.37860341584021345, -12.421119332607677], [-3.6824255322825428, -4.525768701452359, 2.082337555506629, 1.1106064478554514, -6.940614874309643, 4.016846387692865, -7.353252682635899, 1.9847031351896542], [-6.395615219125064, -5.012231203835013, -3.845246132923728, -9.750121542763983, 1.0124341998725592, -1.2972783385932731, -3.7664483936106627, -2.3309225891937255], [3.3881303733552595, 6.968003235363255, 7.176189847104256, -8.45650148860688, -7.328206735043457, -10.951844665071846, -12.91091843221109, 13.104303354565651], [-5.0526825078423165, 1.3626477351326036, 17.78960971206119, 14.444627345771842, 6.29128158155074, 9.177437327047159, -8.392175166931935, 8.940825768619048], [2.4288818021206287, -3.0391493220648904, 9.849009358583212, -10.49579453091099, 3.0576046568275936, 9.29184784469121, 6.409624353336811, -4.807448547240493]]}, "knight": {"black": [[8.047573482766992, 4.215343047950237, 8.990082999245413, 4.396494060397631, -0.04245950965594197, 9.693898578548454, 0.9496671042367453, 10.591930424787492], [4.723211826701735, 16.481215017367923, -0.859051344517126, 5.643027597826246, 3.4050038102194256, -10.919916190783933, 12.04387660253303, -5.826036256629001], [5.55394333551116, 5.434975556315161, -4.237365569044809, 7.2532629671367275, 13.526359976799638, 7.57041834119493, 1.1082529506018073, -6.621181428160073], [16.734923883763877, -2.4236764851675137, -1.9688274704696709, 2.3658456279183713, 13.081121542698614, -8.966404916654165, 9.626729301923449, -12.628744127619168], [3.8924838361841134, 7.1103955964940155, -0.06162644630199256, -1.2790229994040263, -2.413128930164054, 11.959344270864742, 25.152184340531747, -13.67783699602849], [2.4763358180379815, 9.44085563802939, -4.540338623576098, 5.648524439556969, 15.979327027449417, 5.353031572296445, -5.306348888545891, 7.6692061162081675], [-3.531284055900796, 4.28515962681552, 4.9682973779566515, 7.846749720039032, 4.150295864581484, -5.985284897664153, -5.987037466191542, -5.636161551044671], [1.2676295363678545, 13.256172203626939, -8.479885450524176, -5.301374165793075, 4.60177433425253, 13.69404704210455, 14.70835820675308, -5.832449799646241]], "white": [[-4.066000724412405, -6.413691766588296, 6.9408197562443466, -14.002782985897506, -3.234898915850611, -3.8526935361172283, 14.229884772675671, -3.446365916889391], [-6.010892892531263, 8.873776578462143, 0.656135880221389, -12.454893310135938, 5.787238873634461, 9.300327445175213, -15.98405937800587, 2.8288405695746435], [17.33212836442059, -6.719267853782265, 6.639702652264415, 15.17704409496698, 10.69657376310825, 3.8240410765244843, -0.001100913404787819, -1.1270686421595493], [2.678501128637544, 1.3588599925533795, 9.721333783616606, 23.52988314557547, 8.979646519645502, 2.529284111626858, 9.981887082443015, 1.8618724779599902], [6.9817883294524385, -2.7494733210634275, 3.0821032650493363, 11.468549695621261, 8.645291493671044, 2.5345320814707284, 1.198560045903432, 2.02883085907074], [-7.5662143732444935, 14.373352562659583, 5.329554693802331, 6.138396810493921, -2.8867685716678433, 7.415230992623746, 15.21235010066216, -5.785745566996592], [9.749717898505962, 7.1156334686287295, 13.064069393781526, 1.8139686518745215, 16.36782365471955, 3.044705163774359, -2.0049171303024735, 1.264091321666465], [-2.057082867975033, -3.6965071022065246, 22.76164927520242, -10.711341635325052, -8.896416071753885, 1.923928683515609, 22.42058246192015, -3.9250620987857676]]}, "queen": {"black": [[26.66113799785501, 19.284525030881277, 13.489205790304865, 2.363028427956969, 1.4463995535465615, 7.988810999548077, 14.163514869843436, 10.16986748762056], [8.010703060139324, 12.47424569893311, 14.608043501641525, -2.130582127187827, 5.022907107122729, 13.344887097813167, 3.842931290619486, 10.910908936052255], [6.440477863620336, 4.107404430404909, 16.30655064817635, -4.681814919732419, -1.5134148686383968, 21.71154472577758, 34.43085922820501, -6.326981631435135], [25.410153297521138, 1.2454592035238767, 1.5900952535887194, 17.892299603437696, 13.925278460237728, 3.990268448049874, 4.626469233985118, -1.4660380518226725], [24.189948567157707, 2.2991089875660116, 9.673109983478335, 2.986010672490926, 19.29231085401434, 4.887293060139152, 15.395529484669888, -5.957059172805718], [7.082185560272196, 11.95982682903321, 32.38212864711745, -5.678150195810793, 4.11613251945097, -3.1315733045119964, 3.103039655763528, 4.362425838475648], [30.83244033170061, 0.22020376982146844, 4.345283532752599, 13.566637726550894, 19.269511811449892, 11.171708416206588, 10.31534774463799, 19.866843203467198], [17.610811975681905, 8.36321381592178, 13.964204482926673, 5.4454723496113875, 6.931164485062514, 3.996324617359817, 3.514749514996267, 8.76477388842877]],