{"turn_value": -0.41503797274763365, "defended": 0.6991195081534718, "attacked": 0.38637534199376866, "available_moves": -1.2849751992123906, "piece_value": 2.478368299198778, "mov_value": 0.8329921270154974, "kingside_castle": 0.864049034113981, "queenside_castle": -1.6477269519105657, "pawn": {"black": [[-2.791734006668962, -3.883211586873479, -0.05633150507802702, -7.616779679777558, 1.6828257251896523, -5.09213220224417, -0.8599065180343295, 4.317791903436581], [1.0658961635825017, 1.4774410871378605, 14.629538644261707, 1.202361781537431, -8.883308472158776, 1.5084746783855292, 5.370590040594552, -1.3163224103851114], [-0.6466591954720345, 15.669196917267818, 4.249871175611462, 0.3171355099072972, -0.5478796606551222, -0.6782520617825795, 2.639915487269046, 11.012610630974935], [14.30591823308751, 3.0024360812337223, -5.68103857516211, 2.6242644291594606, 3.3661955611428613, 3.3203087685408477, -0.9671805659193283, -1.822294103182727], [-8.011165486634825, -2.90075478448817, 4.280344374295651, 9.77095575441643, 2.786181038018013, 3.721598552528568, 11.23820448418296, 3.7682308003989498], [-5.474600955155214, 2.9785400132622546, -0.5305663167444873, 10.865278041499899, 15.505005436462685, 3.0822844191407386, 10.32395145184977, 7.244685741034093], [-2.4753762680043296, -5.52890873106042, -1.9820477527355918, 7.79734684910035, 7.471577257407498, 17.775352656988293, 6.533399095183352, -0.22111336939394033], [-1.4884051910590441, 6.733283353128922, 20.811933144196136, 2.151095830892343, -2.2896867594956176, 8.194713665468127, -3.9884746336512285, -9.940285771253443]], "white": [[-1.44015711261956, 12.68093424413966, -3.0096866256930594, -1.2522434535725118, 10.62506495927812, 5.794072764250738, 1.0561161479289638, -9.997549950223057], [-0.7060046811124139, 0.7074845151774091, -2.1639277689629535, 2.7410639601285105, 0.7411607232798046, -8.288526006905064, 3.6032465779365674, -0.597015047466675], [11.810369041086723, 5.532351945819628, 16.220069916550173, 9.059076768393098, 8.764442544848421, -1.8096123065436114, -2.639990977106544, -8.766601452297444], [4.720842538738979, -2.7821927380623057, 1.7052485182250479, -5.132581945742051, -5.181249643687872, 4.089777630087178, 2.331893710343815, 6.290580434620447], [-3.7534138565886686, -0.7986410230188996, -2.3593329913582695, -6.138736235103048, -2.987341680137641, 3.7538626705613822, -0.5713816462501375, 1.408599767005172], [-2.156333252266794, 9.73335988045716, 5.536675583938259, -8.645714649127317, -6.619270176012114, -4.110466013318666, -7.400812614484883, 8.915714729347432], [-6.286530444391033, 1.427040794298882, 12.834363981791993, 15.089802953223002, 5.59683343606823, 11.463938551216364, -1.6122942021067699, 5.778623268815733], [0.04735686043698663, -2.6201033308263875, 6.517150368925938, -6.6915300731275025, 6.589149688530391, 3.9219447909919545, 10.139500494463869, -7.241612298768919]]}, "knight": {"black": [[8.649989259557676, 11.67002246249376, 4.716890505250075, -1.7335614219060744, 4.170785907026282, 7.695263594186812, 4.3951567043916935, 5.482179932002471], [7.179430989165089, 16.3937781374374, 2.9582234038630895, 1.8401192869899357, 4.975251255978402, -5.083602256994209, 14.933446304646147, -7.434110577290734], [0.5634621600231496, -0.4664789959580187, -2.3572400107444493, 3.8216606843992293, 18.19898741035215, 1.5153093616380393, 0.14141941950950157, -0.2981191886305961], [11.525826836650984, -6.865121958914402, 9.235963866316522, 8.015785992136596, 12.352441598523573, -1.8878891752163263, 2.0429674174913255, -3.5249444873233458], [5.6802887012721515, 11.214022238684874, 2.1906598586409527, -2.698064650262226, -0.568840698258396, 13.41064858022023, 10.993762622955819, -8.99421710931297], [2.548386310230836, 9.047141570972466, -4.9929585258445774, 3.2737576175480134, 14.11391403938341, 7.126266899192627, -8.64572792522393, 9.674750392492163], [6.97207686309185, 10.25853254313359, 3.861951072378461, 11.202304351140453, 1.582630829872934, -0.5182579394116282, 0.12152769047692297, -1.178773018218981], [5.9361322030122965, 1.5839677603532647, -0.5383106747877439, -1.1302391965026313, 2.3799467677794075, 15.995028071132907, 9.461822207811757, -5.005098983191023]], "white": [[3.2998922876049384, -5.607381087763543, 4.104410815561106, -5.969351031070574, -4.033174826261646, 2.4957682487163955, 9.671628097293844, -3.7551278740286342], [4.603750366438338, 13.632171465837565, -2.7883886641116353, -6.466010837786509, 8.26603783379248, 9.698768145467593, -7.721073872864597, 4.163814223855406], [18.13545723308876, -12.626537932834879, 8.183075334846361, 12.929692061070295, 9.023092516551158, 2.1111189892409215, 2.7233588233754134, 1.3287534525103988], [-0.3089634776779993, -4.565809138931469, 5.386843575051172, 22.08960146074266, 4.766071249169856, 1.0639910140047457, 10.576097984815858, 0.9234639768434765], [7.421507890167984, -8.605190397126627, -0.7324533481612892, 10.825211094428301, 3.5828931019071177, 1.3895538201334436, -3.9152130010692403, -3.130915832171155], [-1.3892153556600364, 10.402005641587362, 7.290801113788492, 3.9909964661806105, 0.8390085213689877, 5.996344646025567, 4.815856710504547, -5.664215955712043], [12.481007124378351, 7.931804667942931, 12.56973624389405, 2.1348529687012547, 15.038862879178716, 6.484174253098278, 0.85903334124212, 6.058005714334145], [-8.171101319464935, 2.1588687129220414, 18.37990907467293, -5.215923844875462, -7.809857183199339, 3.546799923068372, 16.838866968217346, 1.7003750395413744]]}, "queen": {"black": [[18.941824437808986, 9.015848972217379, 6.247624939946212, 4.3092533343900215, 4.112786556943774, 8.787845264862863, 11.161000484905387, 4.471832732944665], [8.936604212480269, 10.460821230810133, 11.861389229309417, 7.930801099902778, 5.413020370560518, 16.465644968159445, 5.4506980504704545, 9.597548488057726], [5.947644057498491, 6.131290644531825, 8.796249432439572, -1.7610490179315201, -3.4738073066300332, 19.00153922546485, 22.670328941240466, -1.433941071797952], [19.758037664378406, 2.898107497402039, 2.7000470175358764, 7.71702588629776, 11.119303381971832, 7.744390545751973, 9.046399041685907, 1.0541744922386311], [18.363111516024468, -1.5912982768448454, 6.759657719957204, -0.679460154821399, 16.504733775437384, 7.806655358718304, 3.3052684986456646, -2.6418874748437022], [11.197596524044494, 9.870533326970666, 21.10432618952979, -2.3145818580589737, 7.872750765216559, 0.6968352726202361, -4.773684383237958, 4.77615747343434], [27.475096769364043, 0.41399415840983067, 7.57054695025753, 11.37879077604931, 11.663661122793522, 10.243460216851847, 11.80303722192445, 23.06901681404987], [17.328066938721474, 11.782843759238194, 14.210820775957878, 7.364059354812342, 5.423547173672593, 4.560563645965576, 6.643826858851874, 8.671147664190833]],