{"max_iter":1000,"piece_value":1.0,"mov_value":0.51484567,"defended":0.5283341,"attacked":1.0631199,"available_moves":0.9784638,"castle_kingside":0.86790156,"castle_queenside":0.5773556,"material_only":true,"max_depth":2,"pawn":[[1.0,1.0,1.0,1.0,1.0,1.0,1.0,1.0],[1.1,1.1,1.2,1.2,1.2,1.2,1.2,1.1],[1.0,1.0,1.2,1.2,1.2,1.2,1.0,1.0],[1.0,1.0,1.1,1.2,1.2,1.1,1.0,1.0],[1.0,1.0,1.1,1.2,1.2,1.1,1.0,1.0],[1.0,1.0,1.1,1.0,1.0,1.1,1.0,1.0],[1.0,1.0,1.0,0.9,0.9,1.0,1.0,1.0],[1.0,1.0,1.0,1.0,1.0,1.0,1.0,1.0]],"king":[[15.0,15.0,15.0,15.0,15.0,15.0,15.0,15.0],[15.0,15.0,15.0,15.0,15.0,15.0,15.0,15.0],[15.0,15.0,15.0,15.0,15.0,15.0,15.0,15.0],[15.0,15.0,15.0,15.0,15.0,15.0,15.0,15.0],[15.0,15.0,15.0,15.0,15.0,15.0,15.0,15.0],[15.0,15.0,15.0,15.0,15.0,15.0,15.0,15.0],[15.0,15.0,15.0,15.0,15.0,15.0,15.0,15.0],[15.0,15.0,15.5,15.0,15.0,15.0,15.7,15.0]],"queen":[[9.0,9.0,9.0,9.0,9.0,9.0,9.0,9.0],[9.0,9.0,9.0,9.0,9.0,9.0,9.0,9.0],[9.0,9.0,9.0,9.0,9.0,9.0,9.0,9.0],[9.0,9.0,9.0,9.0,9.0,9.0,9.0,9.0],[9.0,9.0,9.0,9.0,9.0,9.0,9.0,9.0],[9.0,9.0,9.0,9.0,9.0,9.0,9.0,9.0],[9.0,9.0,9.0,9.0,9.0,9.0,9.0,9.0],[9.0,9.0,9.0,9.5,9.0,9.0,9.0,9.0]],"knight":[[2.7,2.85,2.9,2.9,2.9,2.9,2.85,2.7],[2.85,3.0,3.0,3.0,3.0,3.0,3.0,2.85],[2.9,3.0,3.0,3.0,3.0,3.0,3.0,2.9],[2.9,3.0,3.0,3.0,3.0,3.0,3.0,2.9],[2.9,3.0,3.1,3.1,3.1,3.1,3.0,2.9],[2.9,3.0,3.1,3.1,3.1,3.1,3.0,2.9],[2.85,3.0,3.0,3.0,3.0,3.0,3.0,2.8],[2.7,2.85,2.9,2.9,2.9,2.9,2.85,2.7]],"bishop":[[3.2,3.2,3.2,3.2,3.2,3.2,3.2,3.2],[3.2,3.2,3.2,3.2,3.2,3.2,3.2,3.2],[3.2,3.2,3.2,3.2,3.2,3.2,3.2,3.2],[3.2,3.2,3.2,3.2,3.2,3.2,3.2,3.2],[3.2,3.2,3.2,3.2,3.2,3.2,3.2,3.2],[3.2,3.2,3.2,3.2,3.2,3.2,3.2,3.2],[3.2,3.2,3.2,3.2,3.2,3.2,3.2,3.2],[3.2,3.2,3.0,3.2,3.2,3.0,3.2,3.2]],"rook":[[4.0,4.0,4.0,4.0,4.0,4.0,4.0,4.0],[4.3,4.3,4.3,4.3,4.3,4.3,4.3,4.3],[4.0,4.0,4.0,4.0,4.0,4.0,4.0,4.0],[4.0,4.0,4.0,4.0,4.0,4.0,4.0,4.0],[4.0,4.0,4.0,4.0,4.0,4.0,4.0,4.0],[4.0,4.0,4.0,4.0,4.0,4.0,4.0,4.0],[4.0,4.0,4.0,4.0,4.0,4.0,4.0,4.0],[4.0,4.0,4.0,4.0,4.0,4.0,4.0,4.0]],"black_algorithm":"alpha_beta_pruning","white_algorithm":"alpha_beta_pruning","tolerance":[8.0,-5.0]}